City,Cloudiness,Country,Date,Humidity,Lat,Lng,Max Temp,Wind Speed
Rikitea,0,PF,1598588693,62,-23.12,-134.97,68.63,3.71
Izoplit,100,RU,1598588694,97,56.63,36.22,55.85,4.61
Hobart,20,AU,1598588695,40,-42.88,147.33,61.0,21.92
Malindi,75,KE,1598588565,83,-3.22,40.12,75.2,3.36
Codrington,0,AU,1598588698,55,-38.27,141.97,59.0,5.99
Fukuechō,75,JP,1598588699,94,32.69,128.84,78.8,5.82
Petropavlovsk-Kamchatskiy,90,RU,1598588700,100,53.05,158.65,51.8,11.18
Punta Arenas,18,CL,1598588472,79,-53.15,-70.92,28.4,27.51
Baykit,88,RU,1598588702,65,61.67,96.37,62.31,4.76
Asău,64,RO,1598588703,87,46.43,26.4,59.0,3.36
Half Moon Bay,90,US,1598588435,93,37.46,-122.43,62.6,3.36
Srednekolymsk,98,RU,1598588706,80,67.45,153.68,45.99,11.01
Hong Kong,0,HK,1598588707,66,22.29,114.16,90.0,5.99
Jamestown,40,US,1598588595,100,42.1,-79.24,66.99,4.7
Ushuaia,90,AR,1598588709,88,-54.8,-68.3,32.0,14.99
Mataura,100,NZ,1598588710,61,-46.19,168.86,54.41,8.66
Wakefield,95,GB,1598588712,94,53.68,-1.5,54.0,1.01
Lieşti,5,RO,1598588713,67,45.62,27.52,60.8,5.82
Noumea,90,NC,1598588714,64,-22.28,166.46,71.6,12.75
Samfya,4,ZM,1598588715,62,-11.36,29.56,62.71,6.93
Kapaa,20,US,1598588716,61,22.08,-159.32,80.6,11.41
Sola,90,VU,1598588717,83,-13.88,167.55,80.6,2.24
Tataouine,0,TN,1598588718,78,32.93,10.45,71.6,2.24
Tasiilaq,100,GL,1598588719,93,65.61,-37.64,35.6,5.82
Busselton,9,AU,1598588721,55,-33.65,115.33,69.01,11.92
Bredasdorp,3,ZA,1598588722,87,-34.53,20.04,48.2,6.93
Bosaso,97,SO,1598588723,40,11.28,49.18,92.84,19.06
Arica,44,CL,1598588724,83,-18.48,-70.3,57.0,1.99
Ahipara,11,NZ,1598588725,62,-35.17,173.17,58.06,7.09
San Cristobal,46,VE,1598588726,86,7.77,-72.22,65.12,2.28
Ancud,75,CL,1598588727,93,-41.87,-73.82,42.01,3.36
Chokurdakh,100,RU,1598588728,71,70.63,147.92,42.4,7.92
Fairbanks,75,US,1598588590,76,64.84,-147.72,55.4,3.36
Kangaatsiaq,83,GL,1598588731,71,68.31,-53.46,45.19,10.0
Port Blair,100,IN,1598588732,67,11.67,92.75,85.71,9.93
Ponta do Sol,20,PT,1598588733,69,32.67,-17.1,75.99,26.4
Nouadhibou,0,MR,1598588734,83,20.93,-17.03,78.8,5.82
Lodja,93,CD,1598588735,94,-3.48,23.43,67.05,1.54
Chui,100,UY,1598588736,96,-33.7,-53.46,57.58,9.64
Yellowknife,75,CA,1598588737,82,62.46,-114.35,55.4,9.17
Atuona,100,PF,1598588739,75,-9.8,-139.03,78.76,18.92
Dunedin,78,NZ,1598588504,76,-45.87,170.5,51.01,1.01
George Town,40,MY,1598588741,62,5.41,100.34,89.6,10.29
Kavieng,80,PG,1598588742,69,-2.57,150.8,84.25,4.76
Sitka,90,US,1598588743,67,57.05,-135.33,57.2,17.22
Uva,100,RU,1598588744,84,56.99,52.19,64.0,1.99
Charyshskoye,100,RU,1598588745,64,51.4,83.56,63.39,1.43
San Jerónimo,0,PE,1598588747,63,-11.95,-75.28,48.18,1.48
Vaini,40,TO,1598588748,74,-21.2,-175.2,78.8,6.93
Cabo San Lucas,84,MX,1598588749,67,22.89,-109.91,86.0,1.99
Slobodskoy,100,RU,1598588750,88,58.73,50.18,58.42,3.74
Tucumcari,1,US,1598588751,24,35.17,-103.72,82.4,4.7
Soyo,100,AO,1598588752,87,-6.13,12.37,72.75,10.2
Laguna,1,US,1598588753,41,38.42,-121.42,77.0,5.82
Linxia Chengguanzhen,49,CN,1598588755,39,35.6,103.21,74.05,3.51
Oudtshoorn,20,ZA,1598588756,93,-33.59,22.2,50.0,9.17
Nikolskoye,90,RU,1598588757,87,59.7,30.79,55.4,2.24
Hithadhoo,100,MV,1598588758,60,-0.6,73.08,82.45,12.68
Souillac,75,MU,1598588759,94,-20.52,57.52,68.0,3.36
Yarmouth,20,US,1598588551,93,41.71,-70.23,64.99,5.84
Brønnøysund,98,NO,1598588761,93,65.46,12.2,48.2,4.7
Bandar,100,ID,1598588763,46,2.05,99.75,89.69,3.76
Cherskiy,100,RU,1598588764,82,68.75,161.3,45.59,2.66
Port Alfred,1,ZA,1598588765,75,-33.59,26.89,57.24,15.93
Severo-Kuril'sk,95,RU,1598588766,76,50.68,156.12,53.17,13.02
Broome,75,US,1598588767,100,42.25,-75.83,68.0,5.82
Hermanus,11,ZA,1598588768,85,-34.42,19.23,51.01,7.0
Siquirres,61,CR,1598588769,87,10.1,-83.51,64.0,1.99
Lakes Entrance,60,AU,1598588770,50,-37.88,147.98,62.01,3.0
Longyearbyen,75,SJ,1598588771,74,78.22,15.64,35.6,12.75
Cockburn Town,4,TC,1598588773,80,21.46,-71.14,83.08,19.1
Zabul Province,0,AF,1598588764,21,32.25,67.25,70.66,10.56
Tiksi,0,RU,1598588775,59,71.69,128.87,48.13,10.36
Deder,79,ET,1598588776,99,9.32,41.45,56.8,6.51
Grieskirchen,18,AT,1598588777,93,48.23,13.83,52.0,1.12
Praia,75,CV,1598588778,88,14.92,-23.51,80.6,4.7
Neuquén,28,AR,1598588779,40,-38.95,-68.06,53.6,5.82
Jalu,0,LY,1598588781,71,29.03,21.55,71.83,4.36
Dickinson,1,US,1598588782,83,29.46,-95.05,84.99,11.41
Cacoal,33,BR,1598588695,54,-11.44,-61.45,78.8,2.82
Dudinka,60,RU,1598588784,72,69.41,86.18,59.0,4.47
Provideniya,75,RU,1598588785,76,64.38,-173.3,53.6,6.71
Chizhou,100,CN,1598588596,81,30.66,117.48,78.51,3.78
Puerto Ayora,69,EC,1598588787,86,-0.74,-90.35,65.14,8.79
College,75,US,1598588788,76,64.86,-147.8,55.4,8.05
Hilo,40,US,1598588789,58,19.73,-155.09,82.4,5.82
Mzimba,3,MW,1598588791,61,-11.9,33.6,64.27,12.5
Coquimbo,73,CL,1598588792,87,-29.95,-71.34,46.4,4.7
Pangnirtung,49,CA,1598588793,73,66.15,-65.71,43.92,0.81
Vizianagaram,75,IN,1598588794,70,18.12,83.42,87.8,13.87
Port Hedland,0,AU,1598588795,15,-20.32,118.57,100.4,11.41
Saskylakh,4,RU,1598588796,35,71.92,114.08,68.38,1.77
Corbélia,0,BR,1598588797,78,-24.8,-53.31,58.95,6.8
Langsa,72,ID,1598588798,66,4.47,97.97,87.62,2.21
Valparaíso,75,CL,1598588800,93,-33.04,-71.63,46.4,3.36
Mahébourg,75,MU,1598588801,94,-20.41,57.7,68.0,3.36
Arraial do Cabo,0,BR,1598588802,90,-22.97,-42.03,70.61,12.35
Sorong,31,ID,1598588803,75,-0.88,131.25,83.66,8.1
Yar-Sale,90,RU,1598588804,75,66.83,70.83,60.58,9.64
Dikson,24,RU,1598588806,79,73.51,80.55,48.56,7.25
Khatanga,0,RU,1598588807,45,71.97,102.5,68.5,7.07
Ust'-Omchug,94,RU,1598588808,56,61.15,149.63,46.53,6.08
Chupa,0,RU,1598588809,87,66.27,33.05,44.56,4.21
Upernavik,0,GL,1598588810,71,72.79,-56.15,41.2,2.55
Bull Savanna,100,JM,1598588811,88,17.89,-77.59,77.68,7.96
Pueblo,1,US,1598588674,26,38.25,-104.61,82.4,4.7
Lagoa,88,PT,1598588814,88,39.05,-27.98,73.63,5.5
Lorengau,19,PG,1598588815,74,-2.02,147.27,84.43,6.87
Bengkulu,0,ID,1598588667,62,-3.8,102.27,84.87,8.03
Gannan,100,CN,1598588817,86,47.91,123.5,57.43,15.84
Bikin,98,RU,1598588818,87,46.82,134.26,79.36,7.4
Kysyl-Syr,44,RU,1598588820,34,63.9,122.76,67.17,5.32
Bell Ville,2,AR,1598588821,67,-32.63,-62.69,51.01,3.76
New Norfolk,0,AU,1598588822,48,-42.78,147.06,60.01,5.99
Namatanai,100,PG,1598588823,82,-3.67,152.43,80.38,8.68
La Macarena,100,CO,1598588824,96,2.18,-73.78,70.59,1.52
Talavera de la Reina,1,ES,1598588825,44,39.96,-4.83,69.96,1.57
Avarua,16,CK,1598588826,64,-21.21,-159.78,75.2,4.7
Hervey Bay,0,AU,1598588828,29,-25.3,152.85,77.0,11.41
Bluff,89,NZ,1598588829,67,-46.6,168.33,54.3,17.49
Necochea,1,AR,1598588830,1,-38.55,-58.74,44.01,7.0
Pareora,25,NZ,1598588831,81,-44.49,171.21,53.01,10.76
Fort Nelson,75,CA,1598588780,67,58.81,-122.7,60.8,5.82
Akhmeta,0,GE,1598588834,73,42.03,45.21,69.8,13.87
Sovetskiy,7,RU,1598588835,76,61.36,63.58,61.23,9.66
Bodaybo,100,RU,1598588837,46,57.85,114.19,70.59,2.55
Butaritari,100,KI,1598588838,69,3.07,172.79,83.07,10.67
Cabreúva,0,BR,1598588839,72,-23.31,-47.13,68.0,11.41
Hasaki,40,JP,1598588840,70,35.73,140.83,93.99,11.41
Faanui,1,PF,1598588841,76,-16.48,-151.75,77.81,14.9
Gizo Government Station,100,SB,1598588842,82,-8.1,156.84,79.25,4.56
Örnsköldsvik,3,SE,1598588843,93,63.29,18.72,39.2,5.82
Aklavik,20,CA,1598588845,53,68.22,-135.01,50.0,5.82
Ilulissat,88,GL,1598588846,74,69.22,-51.1,35.6,5.86
Melfi,20,IT,1598588847,73,41.0,15.65,71.6,5.82
Port Hawkesbury,20,CA,1598588848,76,45.62,-61.35,59.0,9.17
Ruteng,26,ID,1598588849,50,-8.61,120.47,78.04,3.89
Barrow,90,US,1598588850,91,71.29,-156.79,37.4,19.46
Pilisborosjenő,22,HU,1598588852,87,47.61,18.99,53.6,1.12
Luchegorsk,98,RU,1598588853,89,46.48,134.26,79.77,11.65
Lebu,90,CL,1598588554,87,-37.62,-73.65,48.79,13.09
East London,0,ZA,1598588855,81,-33.02,27.91,53.6,10.29
Port Elizabeth,20,ZA,1598588614,67,-33.92,25.57,57.2,12.75
Poum,87,NC,1598588857,84,-20.23,164.02,69.73,14.74
Zbarazh,23,UA,1598588858,92,49.66,25.78,51.17,10.76
Narón,75,ES,1598588860,93,43.52,-8.15,64.0,3.36
Torbay,20,CA,1598588861,93,47.67,-52.73,57.99,16.11
Chifeng,57,CN,1598588862,62,42.27,118.96,72.27,11.74
Bethel,1,US,1598588863,94,41.37,-73.41,68.0,5.82
Havelock,1,US,1598588864,78,34.88,-76.9,82.99,11.41
Caravelas,0,BR,1598588865,89,-17.71,-39.25,70.45,6.6
Hov,84,NO,1598588866,93,60.7,10.35,46.99,0.94
São Filipe,94,CV,1598588868,85,14.9,-24.5,78.49,5.66
Saint-Philippe,45,RE,1598588869,53,-21.36,55.77,73.99,4.7
Oytal,0,KZ,1598588870,42,42.91,73.27,68.72,8.75
Sátão,51,PT,1598588871,1,40.74,-7.73,66.99,1.99
Cam Ranh,93,VN,1598588872,44,11.92,109.16,98.6,4.7
Cape Town,75,ZA,1598588686,76,-33.93,18.42,55.0,12.75
Lavrentiya,100,RU,1598588875,74,65.58,-171.0,50.58,5.55
Nyuksenitsa,98,RU,1598588876,86,60.41,44.24,54.88,3.6
Albany,55,US,1598588751,92,42.6,-73.97,62.01,3.27
Atar,0,MR,1598588878,36,20.52,-13.05,92.82,8.66
Narsaq,100,GL,1598588879,81,60.92,-46.05,46.4,3.36
Mēga,85,ET,1598588880,96,4.05,38.3,56.57,14.92
Shilka,100,RU,1598588882,50,51.85,116.03,66.54,13.24
Hofn,0,IS,1598588883,64,64.25,-15.21,48.52,4.18
Xilópolis,0,GR,1598588884,79,40.93,23.18,71.01,1.43
Jatibonico,3,CU,1598588885,93,21.94,-79.17,76.5,6.06
Mazatlán,90,MX,1598588886,88,23.22,-106.42,84.0,3.36
Samarai,99,PG,1598588887,86,-10.62,150.67,77.92,20.47
Yulara,0,AU,1598588888,12,-25.24,130.99,82.4,17.22
Durant,1,US,1598588745,78,33.99,-96.37,77.0,4.25
Sulangan,67,PH,1598588891,66,11.14,123.72,84.88,5.21
Najrān,20,SA,1598588892,22,17.49,44.13,87.8,13.87
Eskişehir,0,TR,1598588850,81,39.78,30.52,53.6,2.24
Thompson,75,CA,1598588894,100,55.74,-97.86,55.4,3.36
Mareeba,58,AU,1598588895,59,-17.0,145.43,75.0,8.01
Cidreira,23,BR,1598588896,74,-30.18,-50.21,61.66,1.88
Saint George,1,US,1598588897,13,37.1,-113.58,91.99,4.7
Smithers,75,CA,1598588682,87,54.78,-127.17,55.4,2.24
Talnakh,55,RU,1598588900,72,69.49,88.4,59.0,4.47
Upington,0,ZA,1598588901,75,-28.45,21.26,41.0,2.8
Gijang,75,KR,1598588793,62,35.24,129.21,89.6,10.29
Kaitangata,100,NZ,1598588903,54,-46.28,169.85,57.0,6.62
Uitenhage,9,ZA,1598588904,67,-33.76,25.4,57.2,12.75
Bentiu,57,SS,1598588905,89,9.23,29.83,71.78,0.98
Yeppoon,0,AU,1598588907,29,-23.13,150.73,77.0,10.29
Abu Kamal,0,SY,1598588908,49,34.45,40.92,76.82,7.29
Qaanaaq,100,GL,1598588909,87,77.48,-69.36,39.15,9.53
Eyl,100,SO,1598588910,63,7.98,49.82,78.84,24.14
Kumul,100,CN,1598588911,18,42.8,93.45,77.61,6.08
Oranjemund,24,NA,1598588912,82,-28.55,16.43,51.51,1.03
Kiryat Gat,0,IL,1598588914,74,31.61,34.76,73.99,2.62
Hambantota,40,LK,1598588915,79,6.12,81.12,84.2,10.29
Los Llanos de Aridane,0,ES,1598588916,73,28.66,-17.92,77.0,13.87
Marzuq,15,YE,1598588917,54,14.4,46.47,80.55,4.99
Castro,0,BR,1598588918,82,-24.79,-50.01,52.72,3.47
Brattleboro,73,US,1598588905,96,42.85,-72.56,59.0,0.81
Storsteinnes,75,NO,1598588920,87,69.24,19.23,44.6,12.75
Tricase,5,IT,1598588921,100,39.93,18.36,66.2,2.24
Saint Anthony,1,US,1598588923,64,45.02,-93.22,78.8,3.36
Zyryanovsk,97,KZ,1598588924,50,49.74,84.27,64.63,2.98
Margate,73,GB,1598588925,92,51.38,1.39,59.0,1.99
Constitución,56,CL,1598588926,74,-35.33,-72.42,48.15,8.28
Andenes,75,NO,1598588927,70,69.31,16.12,46.4,8.05
Russell,1,US,1598588929,94,32.35,-85.2,78.8,4.29
Vuktyl,28,RU,1598588930,86,63.86,57.31,53.74,6.33
Tuktoyaktuk,20,CA,1598588931,70,69.45,-133.04,46.4,13.87
Mayo,1,US,1598588932,61,38.89,-76.51,82.99,6.93
Novopokrovka,0,UA,1598588933,82,49.84,36.55,60.8,4.47
Iqaluit,20,CA,1598588934,86,63.75,-68.51,39.2,4.7
Wanning,85,CN,1598588935,61,18.8,110.4,88.88,4.03
Goshogawara,20,JP,1598588937,66,40.8,140.44,93.0,6.93
Brownsville,1,US,1598588708,79,25.9,-97.5,86.0,11.41
Kamenka,77,RU,1598588939,73,51.32,42.77,65.08,3.8
Buta,77,CD,1598588940,95,2.79,24.73,68.18,0.6
Guarapari,40,BR,1598588941,94,-20.67,-40.5,68.0,3.36
Kalianget,7,ID,1598588942,60,-7.05,113.93,85.35,13.51
Mogadishu,55,SO,1598588670,80,2.04,45.34,77.45,13.58
Mar del Plata,5,AR,1598588945,93,-38.0,-57.56,51.01,5.82
Te Anau,97,NZ,1598588946,85,-45.42,167.72,47.79,8.01
Xining,0,CN,1598588947,40,36.62,101.77,68.94,4.18
Pisco,90,PE,1598588948,82,-13.7,-76.22,62.6,4.7
Bilibino,57,RU,1598588949,55,68.05,166.44,49.33,6.64
La Ronge,40,CA,1598588950,87,55.1,-105.28,53.6,5.82
Stokmarknes,40,NO,1598588951,87,68.56,14.91,45.0,3.36
Saurimo,44,AO,1598588953,90,-9.66,20.39,63.37,4.54
Khonsa,48,IN,1598588954,71,27.02,95.57,79.32,3.78
Jesolo,35,IT,1598588955,94,45.53,12.64,68.0,6.93
Guapiaçu,0,BR,1598588956,27,-20.8,-49.22,73.4,4.7
Humaitá,23,BR,1598588957,85,-7.51,-63.02,74.48,1.97
Clyde River,90,CA,1598588958,70,70.47,-68.59,48.2,2.24
Geraldton,90,AU,1598588960,77,-28.77,114.6,68.0,14.99
Gympie,0,AU,1598588961,32,-26.19,152.66,73.99,1.99
Klaksvík,14,FO,1598588962,75,62.23,-6.59,46.4,10.29
Mahanoro,0,MG,1598588963,84,-19.9,48.8,67.57,3.85
Simao,89,CN,1598588964,55,22.79,100.97,82.0,3.36
Alofi,59,NU,1598588965,61,-19.06,-169.92,77.0,13.87
Emba,33,KZ,1598588967,22,48.83,58.14,80.91,6.35
Dayong,40,CN,1598588968,66,25.02,118.29,89.6,6.71
Itarema,13,BR,1598588969,79,-2.92,-39.92,77.5,16.75
Misratah,0,LY,1598588970,76,32.38,15.09,75.25,3.65
Pevek,9,RU,1598588971,82,69.7,170.31,41.18,4.94
Ejutla de Crespo,100,MX,1598588972,84,16.57,-96.73,67.05,3.09
Plettenberg Bay,69,ZA,1598588973,82,-34.05,23.37,54.82,12.1
Salalah,90,OM,1598588975,100,17.02,54.09,75.2,2.24
Nālūt,0,LY,1598588976,47,30.33,10.85,72.7,11.45
Magán,0,ES,1598588977,36,39.97,-3.93,77.0,6.93
San Andrés,40,CO,1598588978,83,12.58,-81.7,82.4,4.7
Ust-Nera,99,RU,1598588979,47,64.57,143.2,49.57,5.37
Murgab,0,TM,1598588980,49,37.5,61.97,73.4,11.41
Esim,100,GH,1598588982,86,4.87,-2.24,75.61,12.3
Skibbereen,75,IE,1598588983,87,51.55,-9.27,53.6,14.99
Muros,37,ES,1598588984,94,42.78,-9.06,57.0,3.0
Karratha,0,AU,1598588738,15,-20.74,116.85,93.72,1.48
Broken Hill,0,AU,1598588986,36,-31.95,141.43,64.4,5.82
Manta,75,EC,1598588987,88,-0.95,-80.73,71.6,6.93
Coahuayana Viejo,100,MX,1598588988,89,18.73,-103.68,74.68,2.48
Bubaque,100,GW,1598588990,78,11.28,-15.83,80.73,11.65
Brae,30,GB,1598588991,93,60.4,-1.35,46.4,8.05
Tura,14,IN,1598588706,73,25.52,90.22,83.71,5.14
Kieta,100,PG,1598588993,89,-6.22,155.63,75.92,3.65
Alpena,1,US,1598588994,93,45.06,-83.43,62.6,4.7
Sidi Ben Nour,0,TN,1598588995,73,35.53,10.92,73.4,4.7
Zaysan,87,KZ,1598588996,38,47.47,84.87,69.84,12.59
Mayor Pablo Lagerenza,0,PY,1598588998,40,-19.93,-60.77,79.95,3.38
Ustka,98,PL,1598588999,85,54.58,16.86,56.93,7.9
Leningradskiy,100,RU,1598589000,89,69.38,178.42,39.27,6.17
Hauterive,90,FR,1598589001,68,46.09,3.45,69.8,5.82
Chivacoa,50,VE,1598589002,83,10.16,-68.89,75.2,5.82
Santa Isabel Rio Negro,50,BR,1598589003,91,-0.41,-65.02,72.82,1.97
Yaring,20,TH,1598589005,63,6.87,101.37,91.4,3.36
Bambous Virieux,75,MU,1598589006,94,-20.34,57.76,73.0,3.36
Carnarvon,0,AU,1598589007,73,-24.87,113.63,75.2,14.99
Along,25,IN,1598589008,55,28.17,94.77,89.08,3.38
Yerbogachën,89,RU,1598589010,40,61.28,108.01,67.01,5.39
Bilma,76,NE,1598589011,38,18.69,12.92,89.78,8.05
Vao,89,NC,1598589012,78,-22.67,167.48,68.13,18.7
Harper,99,LR,1598589013,85,4.38,-7.72,75.52,8.88
Bakchar,9,RU,1598589014,54,57.02,82.07,66.31,4.54
Tommot,0,RU,1598589016,37,58.96,126.29,66.06,0.87
Lensk,4,RU,1598589017,33,60.73,114.93,71.73,10.94
Lüderitz,0,NA,1598589018,77,-26.65,15.16,51.71,11.12
Chumikan,12,RU,1598589019,49,54.72,135.31,64.11,4.52
Motomachi,40,JP,1598589020,65,43.82,144.1,80.6,12.75
Dillon,1,US,1598589021,94,34.42,-79.37,79.0,4.7
Ulladulla,0,AU,1598589023,22,-35.35,150.47,64.4,5.82
Kampong Cham,97,KH,1598588791,62,11.99,105.46,88.14,6.82
Sur,99,OM,1598589025,58,22.57,59.53,89.29,3.76
Bara,100,NG,1598589026,95,10.37,10.73,72.57,7.18
Zaqatala,40,AZ,1598589027,72,41.63,46.64,68.0,2.24
Flin Flon,100,CA,1598589029,82,54.77,-101.86,54.54,5.86
Khovd,100,MN,1598589030,62,48.01,91.64,52.25,3.69
Viçosa,27,BR,1598589031,91,-20.75,-42.88,64.0,2.48
Zandvoort,75,NL,1598589032,93,52.37,4.53,63.0,18.34
San Quintín,27,MX,1598589033,69,30.48,-115.95,74.7,8.52
Malim,44,PH,1598589035,70,7.45,123.43,84.02,5.66
Boguchany,76,RU,1598589036,57,58.38,97.45,67.39,5.53
Bagdarin,100,RU,1598589037,63,54.43,113.6,58.93,7.83
Saint Paul Harbor,90,US,1598589038,87,57.79,-152.41,51.8,11.41
Kirkkonummi,0,FI,1598588944,85,60.12,24.44,48.0,5.97
Ormond Beach,40,US,1598589041,100,29.29,-81.06,81.0,4.7
Cebu City,75,PH,1598588849,62,10.32,123.89,89.6,10.29
Mahon,20,ES,1598589043,94,39.89,4.27,73.4,4.7
‘Āhuimanu,40,US,1598589044,69,21.44,-157.84,84.2,10.29
Moranbah,0,AU,1598589045,29,-22.0,148.05,75.29,22.68
Puerto Ayacucho,100,VE,1598589046,92,5.66,-67.62,75.29,3.0
Abalak,60,RU,1598589047,73,58.13,68.59,66.81,8.23
Mehamn,40,NO,1598589049,70,71.04,27.85,44.6,19.46
Mossamedes,33,AO,1598589050,89,-15.2,12.15,57.47,6.49
Hvide Sande,100,DK,1598589051,79,56.0,8.13,52.0,1.01
La Ciotat,34,FR,1598589052,83,43.17,5.6,73.0,3.0
Jacobina,46,BR,1598589053,89,-11.18,-40.52,63.73,3.8
Bodden Town,92,KY,1598589054,87,19.28,-81.25,82.99,5.01
Houma,40,US,1598588987,94,29.6,-90.72,79.0,9.17
Yenagoa,99,NG,1598589057,91,4.92,6.26,74.57,3.8
Norman Wells,75,CA,1598589058,76,65.28,-126.83,53.6,2.24
Srikakulam,98,IN,1598589059,58,18.3,83.9,87.33,7.54
Ribeira Grande,41,PT,1598589060,90,38.52,-28.7,73.98,12.17
Buraidah,0,SA,1598589062,34,26.33,43.98,82.4,3.36
Port Augusta,7,AU,1598589063,63,-32.5,137.77,72.0,6.93
Mount Isa,0,AU,1598589064,10,-20.73,139.5,82.4,14.99
Zhangaözen,0,KZ,1598589065,17,43.3,52.8,79.63,16.31
Gamba,99,GA,1598589066,88,-2.65,10.0,74.25,7.96
Weinheim,84,DE,1598589067,88,49.55,8.67,63.0,7.16
Isangel,75,VU,1598589068,69,-19.55,169.27,80.6,11.41
Vardø,20,NO,1598589070,81,70.37,31.11,42.8,13.87
Grenville,40,GD,1598588868,83,12.12,-61.62,82.4,12.75
Emerald,0,AU,1598589072,22,-23.53,148.17,78.8,11.41
Gachsaran,0,IR,1598589073,35,30.36,50.8,86.0,2.08
Kununurra,23,AU,1598589074,10,-15.77,128.73,95.0,14.99
Słupca,88,PL,1598589075,93,52.29,17.87,55.0,4.18
Pointe Michel,12,DM,1598589076,77,15.25,-61.38,80.76,13.65
Kahului,40,US,1598588953,54,20.89,-156.47,84.2,19.46
Touros,40,BR,1598589079,88,-5.2,-35.46,69.8,3.36
Mānikpur,64,IN,1598589080,79,25.07,81.12,81.57,14.79
Ulaangom,100,MN,1598589081,59,49.98,92.07,57.56,4.27
Bontang,95,ID,1598589082,70,0.13,117.5,84.22,7.34
Krasnoshchekovo,87,RU,1598589083,65,51.67,82.73,66.7,6.85
Olinda,40,BR,1598589084,78,-8.01,-34.86,73.4,6.93
Port Moresby,40,PG,1598589086,74,-9.44,147.18,86.0,17.22
Vozhega,100,RU,1598589087,85,60.47,40.22,54.57,4.68
Alice Springs,0,AU,1598589088,11,-23.7,133.88,77.0,11.41
Siniscola,0,IT,1598589089,53,40.57,9.69,77.0,4.7
Farsund,36,NO,1598589090,91,58.09,6.8,57.0,8.25
Tabuk,94,PH,1598589091,55,17.42,121.44,89.64,4.09
Guerrero Negro,0,MX,1598589092,72,27.98,-114.06,77.43,8.39
Tilichiki,100,RU,1598589094,65,60.47,166.1,52.72,5.93
Lompoc,90,US,1598588992,87,34.64,-120.46,59.0,8.05
Jackson,1,US,1598588935,29,42.42,-122.83,78.8,5.82
Esterhazy,34,CA,1598589097,83,50.65,-102.08,58.87,11.61
Sukhumi,66,GE,1598589098,71,43.0,41.02,73.54,0.4
Masallātah,0,LY,1598589099,73,32.62,14.0,70.9,7.29
Svecha,100,RU,1598589100,88,58.28,47.52,59.27,4.36
Shuangyashan,92,CN,1598589102,88,46.64,131.15,70.7,6.87
Yigou,0,CN,1598589103,48,35.81,114.32,89.28,4.79
Taltal,0,CL,1598589104,70,-25.4,-70.48,55.06,2.51
Wairoa,0,NZ,1598589008,60,-39.03,177.37,56.66,2.64
Tobermory,14,CA,1598589106,93,45.25,-81.67,59.0,11.63
Taiobeiras,16,BR,1598589107,96,-15.81,-42.23,57.36,3.31
Waipawa,7,NZ,1598589108,62,-41.41,175.52,57.2,23.04
Deputatsky,28,RU,1598589110,54,69.3,139.9,46.98,8.16
Ballina,0,AU,1598589111,37,-28.87,153.57,77.0,12.75
Fare,12,PF,1598589112,77,-16.7,-151.02,78.3,19.51
Kisesa,0,TZ,1598589113,59,-3.08,34.15,66.34,10.69
Tarija,30,BO,1598589114,76,-21.54,-64.73,59.11,3.53
Davenda,72,RU,1598589115,40,53.56,119.32,64.45,7.4
Elko,1,US,1598588824,20,41.0,-115.5,73.4,5.82
Gulu,41,UG,1598589036,95,2.77,32.3,65.48,2.66
Malampaka,0,TZ,1598589119,57,-3.13,33.53,67.84,8.95
Fortuna,1,US,1598589120,93,40.6,-124.16,55.0,3.36
Tambun,40,ID,1598589121,36,-6.26,107.07,93.2,12.75
Jacqueville,20,CI,1598589122,94,5.21,-4.41,77.0,8.05
Sistranda,40,NO,1598589124,100,63.73,8.83,43.0,5.82
Arnoldstein,92,AT,1598589125,100,46.55,13.71,57.2,3.36
Am Timan,100,TD,1598589126,97,11.03,20.28,72.03,1.1
Batié,100,BF,1598589127,96,9.88,-2.92,70.95,6.87
Saldanha,41,ZA,1598589128,87,-33.01,17.94,50.0,5.82
Faya,2,SA,1598589129,77,18.39,42.45,68.0,5.5
South Charleston,75,US,1598589131,88,38.37,-81.7,75.99,2.91
Avera,1,US,1598589132,74,33.19,-82.53,80.6,4.7
Dolores,86,AR,1598589133,71,-36.31,-57.68,48.65,5.28
Airai,43,TL,1598589135,48,-8.93,125.41,74.21,7.85
Beloha,4,MG,1598589136,67,-25.17,45.05,72.79,10.33
Minas,90,UY,1598589137,93,-34.38,-55.24,53.6,4.7
Trofaiach,100,AT,1598589138,87,47.42,15.0,62.01,2.24
Beringovskiy,94,RU,1598589139,84,63.05,179.32,51.67,7.94
Ngunguru,60,NZ,1598589141,48,-35.62,174.5,63.0,5.99
Xixiang,0,CN,1598589142,46,35.16,112.86,89.26,8.46
Belmonte,40,BR,1598589143,94,-15.86,-38.88,68.0,5.82
Nipawin,90,CA,1598589144,100,53.37,-104.0,55.4,3.36
Ampanihy,12,MG,1598589145,61,-24.7,44.75,73.36,8.93
Maridi,31,SS,1598589146,93,4.92,29.47,69.8,1.97
Iracoubo,100,GF,1598589148,88,5.48,-53.2,77.5,4.09
Tornio,2,FI,1598589149,67,65.85,24.15,32.0,2.24
Zhigansk,5,RU,1598589150,42,66.77,123.37,63.77,5.68
Pangody,48,RU,1598589151,63,65.85,74.49,63.07,9.55
Tagusao,91,PH,1598589152,71,9.19,117.81,85.53,6.06
Uttaradit,20,TH,1598589153,66,17.67,100.5,89.6,3.36
Rørvik,90,NO,1598589155,72,64.86,11.24,50.88,3.74
Barentu,29,ER,1598589156,77,15.11,37.59,72.18,5.03
Aketi,100,CD,1598589157,98,2.74,23.78,69.94,2.26
Labuhan,31,ID,1598589158,50,-6.88,112.21,88.56,9.4
Port Lincoln,0,AU,1598588963,63,-34.73,135.87,61.43,7.87
Waddān,0,LY,1598589160,78,29.16,16.14,69.37,6.24
Skjervøy,75,NO,1598589162,93,70.03,20.97,41.0,18.34
Taoudenni,0,ML,1598589163,11,22.68,-3.98,93.22,7.74
Lata,99,PT,1598589164,89,40.16,-8.33,69.01,4.0
Ostrovnoy,10,RU,1598589165,74,68.05,39.51,45.09,18.81
Gorontalo,35,ID,1598589166,59,0.54,123.06,87.73,9.75
Sabaudia,0,IT,1598588994,86,41.3,13.03,70.0,8.14
Saint-Pierre,0,RE,1598589169,53,-21.34,55.48,73.99,4.7
Connersville,100,US,1598589170,94,39.64,-85.14,75.99,5.06
Nueva Helvecia,70,UY,1598589171,92,-34.3,-57.23,52.0,1.99
Kruisfontein,38,ZA,1598589172,87,-34.0,24.73,49.84,9.08
Petropavlovka,84,RU,1598589173,60,50.61,105.32,65.44,0.98
Bastrop,40,US,1598589174,78,32.76,-91.87,75.2,8.05
Ola,68,RU,1598589176,57,59.58,151.28,56.64,8.32
Notre-Dame-du-Lac,90,CA,1598589177,71,47.61,-68.8,53.6,10.29
Sioux Lookout,40,CA,1598589178,100,50.1,-91.92,51.8,2.3
Pathein,92,MM,1598589179,74,16.78,94.73,86.65,11.95
Santa Rosalía,0,MX,1598589180,50,27.32,-112.28,90.12,4.94
Yabrūd,0,SY,1598589182,88,33.97,36.66,64.0,8.05
Atkinson,61,US,1598589183,93,42.84,-71.15,60.01,2.71
Fortuna Foothills,20,US,1598589184,42,32.66,-114.41,98.6,8.05
Nicoya,53,CR,1598589001,92,10.15,-85.45,73.8,0.83
South Lake Tahoe,1,US,1598589125,51,38.93,-119.98,66.2,2.55
Sechura,6,PE,1598589187,82,-5.56,-80.82,61.83,11.21
Egvekinot,96,RU,1598589189,74,66.32,-179.17,47.64,8.61
Maniitsoq,100,GL,1598589190,64,65.42,-52.9,48.72,5.19
Panama City,23,PA,1598589119,88,8.99,-79.52,79.0,2.24
Christchurch,36,NZ,1598589093,58,-43.53,172.63,55.4,8.05
Río Gallegos,39,AR,1598589087,92,-51.62,-69.22,30.2,14.99
Meulaboh,99,ID,1598589194,63,4.14,96.13,86.25,4.83
San Patricio,100,MX,1598589196,94,19.22,-104.7,76.48,6.04
Paamiut,100,GL,1598589197,61,61.99,-49.67,46.29,5.97
Jaca,34,ES,1598589198,80,42.57,-0.55,70.0,2.28
Roald,5,NO,1598589199,81,62.58,6.13,53.6,13.87
Kaitong,100,CN,1598589200,93,44.81,123.15,61.09,17.54
Nhulunbuy,40,AU,1598589202,48,-12.23,136.77,84.2,21.92
Nantucket,40,US,1598589028,88,41.28,-70.1,69.8,6.93
Buin,95,CL,1598588924,87,-33.73,-70.75,48.0,3.36
Cañazas,93,PA,1598589205,92,8.32,-81.22,72.86,1.86
Tortolì,5,IT,1598589206,1,39.93,9.66,84.2,3.36
Švenčionys,100,LT,1598589207,93,55.15,26.17,51.98,6.6
Weihai,92,CN,1598589209,85,37.5,122.11,80.01,7.7
Padang,99,ID,1598589210,59,-0.95,100.35,85.96,5.55
Huarmey,23,PE,1598589211,86,-10.07,-78.15,60.8,7.27
Lamu,39,KE,1598589212,74,-2.27,40.9,77.88,13.94
Redlands,5,US,1598588971,37,34.06,-117.18,84.2,4.7
Bucerías,90,MX,1598589214,94,20.75,-105.33,78.01,3.36
Newtonmore,75,GB,1598589216,81,57.07,-4.12,52.0,12.75
Ixtapa,90,MX,1598589217,94,20.7,-105.2,78.01,3.36
Bathsheba,20,BB,1598589218,78,13.22,-59.52,82.4,21.92
Alta Floresta,17,BR,1598589219,60,-9.88,-56.09,73.9,1.52
Zaragoza,9,ES,1598589220,68,41.66,-0.88,71.6,13.87
St. George's,40,GD,1598589221,83,12.06,-61.75,82.4,12.75
Berlevåg,50,NO,1598589222,67,70.86,29.09,45.25,24.49
Sarkand,22,KZ,1598589224,38,45.41,79.92,69.42,6.98
Ihosy,85,MG,1598589225,74,-22.4,46.12,65.23,9.55
Chicama,18,PE,1598589226,86,-7.84,-79.15,60.06,4.94
Oriximiná,15,BR,1598589227,76,-1.77,-55.87,78.15,3.11
Mount Gambier,0,AU,1598589228,59,-37.83,140.77,60.8,14.99
Nishihara,75,JP,1598589229,74,26.18,127.76,87.8,9.17
Coracora,0,PE,1598589230,69,-15.03,-73.78,43.47,2.53
Qui Nhon,100,VN,1598589232,57,13.77,109.23,92.88,5.75
Dauphin,90,CA,1598589233,88,51.15,-100.05,62.6,6.93
Inhambane,0,MZ,1598589234,80,-23.86,35.38,70.12,11.39
Nome,90,US,1598589235,81,64.5,-165.41,53.6,6.93
Santa Vitória do Palmar,100,BR,1598589236,97,-33.52,-53.37,57.29,4.18
Tezu,95,IN,1598589237,82,27.92,96.17,79.5,2.37
Bayshore Gardens,1,US,1598589019,74,27.43,-82.59,84.2,4.7
Gaoua,100,BF,1598589240,97,10.3,-3.25,70.92,4.88
‘Ewa Beach,1,US,1598589241,51,21.32,-158.01,84.2,9.17
Sakakah,0,SA,1598589242,14,29.97,40.21,82.4,4.7
Kyren,97,RU,1598589243,60,51.68,102.14,64.33,3.31
Rawson,59,AR,1598589244,44,-43.3,-65.1,52.61,20.54
Dunmore East,99,IE,1598589245,89,52.15,-6.99,55.0,5.99
Abbeville,29,FR,1598589247,77,50.1,1.83,57.99,12.84
Vung Tau,100,VN,1598589248,72,10.35,107.08,86.07,8.59
Al Bardīyah,0,LY,1598589249,82,31.76,25.09,75.69,9.6
Bonfim,93,BR,1598589250,82,3.08,-59.95,77.09,3.42
Trat,20,TH,1598589251,70,12.5,102.5,87.8,9.17
San Policarpo,100,PH,1598589252,66,12.18,125.51,88.52,3.62
Prince Rupert,90,CA,1598589253,87,54.32,-130.32,55.4,11.41
Saint-François,60,FR,1598589255,72,46.42,3.91,68.0,4.7
Kavaratti,40,IN,1598589256,78,10.57,72.64,82.4,6.93
Laas,40,IT,1598589257,93,46.62,10.7,61.0,3.36
Kerema,62,PG,1598589258,83,-7.96,145.78,79.68,17.47
Dédougou,68,BF,1598589259,94,12.47,-3.47,72.14,3.53
Comodoro Rivadavia,36,AR,1598589260,56,-45.87,-67.5,44.6,16.11
Antofagasta,90,CL,1598589244,82,-23.65,-70.4,55.4,21.92
Houston,1,US,1598588895,79,29.76,-95.36,84.99,12.75
Larsnes,75,NO,1598589264,93,62.2,5.58,52.0,4.7
Dingle,87,PH,1598589265,69,11.0,122.67,88.45,9.44
Yibin,77,CN,1598589266,54,28.77,104.62,94.17,2.3
Bellinge,100,DK,1598589267,82,55.34,10.32,57.2,1.12
Makakilo City,1,US,1598589028,51,21.35,-158.09,84.2,9.17
Loandjili,75,CG,1598589269,94,-4.76,11.86,73.4,6.93
Winsum,77,NL,1598589083,93,53.33,6.52,55.99,5.82
Socorro,1,US,1598589272,22,31.65,-106.3,89.01,5.82
Havøysund,40,NO,1598589273,70,71.0,24.66,44.6,19.46
Qasigiannguit,65,GL,1598589274,74,68.82,-51.19,35.6,3.85
Panjāb,0,AF,1598589275,32,34.39,67.02,64.42,1.12
Cairns,75,AU,1598589080,78,-16.92,145.77,75.0,23.04
Yangi Marg`ilon,0,UZ,1598589277,43,40.43,71.72,73.4,2.24
Grindavik,90,IS,1598589279,93,63.84,-22.43,48.2,12.75
Homer,75,US,1598589244,82,59.64,-151.55,55.4,4.7
Mayya,1,RU,1598589281,22,61.73,130.28,69.8,11.18
Rafai,20,CF,1598589282,96,4.95,23.92,69.28,1.12
Anadyr,40,RU,1598589283,81,64.75,177.48,51.8,6.71
São Félix do Xingu,6,BR,1598589284,65,-6.64,-51.99,73.76,1.86
Alice,1,US,1598589285,83,27.75,-98.07,86.0,10.29
Tuatapere,92,NZ,1598589287,75,-46.13,167.68,51.91,6.78
Treinta y Tres,100,UY,1598589288,98,-33.23,-54.38,58.08,2.06
Sørland,40,NO,1598589289,100,67.67,12.69,41.0,2.24
Maralal,4,KE,1598589290,80,1.1,36.7,59.7,3.4
Witu,39,KE,1598589291,72,-2.39,40.44,77.9,12.15
Lodwar,45,KE,1598589292,54,3.12,35.6,79.9,14.83
Setermoen,75,NO,1598589294,87,68.86,18.35,43.0,12.75
Ati,99,TD,1598589295,75,13.22,18.34,80.17,14.52
Esna,32,EG,1598589296,41,25.29,32.55,77.0,9.31
Paracuru,28,BR,1598589297,71,-3.41,-39.03,79.0,25.01
Wajima,75,JP,1598589298,59,37.4,136.9,91.4,5.82
Eirunepé,61,BR,1598589299,63,-6.66,-69.87,75.52,1.5
Saint-Augustin,66,CA,1598589300,87,51.23,-58.65,48.0,4.47
Moree,0,AU,1598589302,21,-29.47,149.85,71.6,17.22
Dubbo,0,AU,1598589059,38,-32.25,148.62,60.8,14.99
Bangangté,100,CM,1598589304,100,5.14,10.52,61.52,2.01
Alvorada,16,BR,1598589305,23,-12.48,-49.12,70.68,5.23
Nanortalik,100,GL,1598589306,66,60.14,-45.24,49.28,15.64
Shingū,40,JP,1598589307,74,33.73,135.98,87.8,8.05
Kenai,1,US,1598589303,59,60.55,-151.26,62.6,10.29
Praia da Vitória,75,PT,1598589310,94,38.73,-27.07,71.6,4.81
Samus',5,RU,1598589311,72,56.75,84.7,66.0,3.38
Quatre Cocos,75,MU,1598589312,94,-20.21,57.76,73.0,3.36
İzmit,0,TR,1598589164,100,40.77,29.92,55.4,3.36
Mnogovershinnyy,99,RU,1598589314,94,53.94,139.92,49.87,4.68
Teguise,0,ES,1598589315,73,29.06,-13.56,77.0,24.16
Pandan,100,PH,1598589316,62,14.05,124.17,88.41,9.44
Husavik,75,IS,1598589318,81,66.04,-17.34,42.8,7.65
Hamilton,1,US,1598589319,94,39.18,-84.53,79.0,3.36
Ukiah,90,US,1598588941,41,39.15,-123.21,78.8,1.5
Culpeper,1,US,1598589321,73,38.5,-77.97,77.0,3.36
Onega,2,RU,1598589322,80,63.91,38.14,52.52,1.28
Gezing,20,AT,1598589323,87,47.92,13.13,59.0,9.17
Flinders,0,AU,1598589324,46,-34.58,150.86,61.0,1.01
Itoman,75,JP,1598589325,74,26.12,127.67,87.8,11.41
Kon Tum,99,VN,1598589293,79,14.35,108.0,78.64,1.99
Dalvik,75,IS,1598589328,81,65.97,-18.53,42.8,9.86
Shimoda,40,JP,1598589329,63,34.67,138.95,91.4,11.41
Oktyabr'skoye,5,RU,1598589330,88,43.06,44.74,62.6,2.24
Lagunillas,64,VE,1598589331,83,10.13,-71.26,80.13,7.27
Tirat Carmel,20,IL,1598589332,73,32.76,34.97,77.0,2.24
Verkhnyaya Inta,100,RU,1598589333,94,65.98,60.31,54.1,13.51
Milos,0,GR,1598589335,83,36.75,24.43,73.4,6.93
Bad Kreuznach,76,DE,1598589336,85,49.83,7.87,61.0,7.4
Man,99,CI,1598589337,95,7.41,-7.55,70.68,2.86
Dongen,40,NL,1598589338,77,51.63,4.94,60.8,10.29
Ayagoz,0,KZ,1598589339,50,47.97,80.44,66.49,6.78
Dodge City,1,US,1598589157,64,37.75,-100.02,77.0,10.29
Bairiki Village,40,KI,1598589342,66,1.33,172.98,86.0,6.93
Sokolo,90,ML,1598589343,77,14.73,-6.12,78.46,9.78
Bulgan,63,MN,1598589344,66,48.81,103.53,60.46,5.86
Kismayo,49,SO,1598589345,74,-0.36,42.55,78.87,13.69
York,37,US,1598589165,78,40.13,-77.0,75.0,5.95
Bima,8,ID,1598589347,31,-8.47,118.72,94.28,8.52
Omsukchan,100,RU,1598589185,70,62.53,155.8,44.37,8.66
Meihekou,92,CN,1598589350,92,42.53,125.68,73.71,8.63
Naze,75,JP,1598589351,79,28.37,129.48,89.6,10.29
Khorramabad,0,IR,1598589352,39,33.49,48.36,66.2,3.51
Aitape,57,PG,1598589353,70,-3.14,142.35,85.78,8.55
Bandar-e Lengeh,11,IR,1598589354,59,26.56,54.88,93.2,16.11
Bustamante,32,MX,1598589355,50,26.53,-100.5,85.95,3.51
Santa Maria,76,BR,1598589330,93,-29.68,-53.81,62.6,5.82
Hualmay,43,PE,1598589357,87,-11.1,-77.61,60.69,7.7
Puerto Escondido,99,MX,1598589359,79,15.85,-97.07,80.64,12.37
Vrangel',93,RU,1598589360,87,42.73,133.08,75.58,6.15
Muriti,20,TZ,1598589361,88,-1.98,32.92,66.2,5.82
Chirongui,78,YT,1598589362,83,-12.93,45.15,75.2,4.7
Saint-Junien,99,FR,1598589363,93,45.88,0.9,61.0,8.05
